<?xml version = '1.0' encoding = 'UTF-8'?>
<relationalModel class="oracle.dbtools.crest.model.design.relational.RelationalDesign" name="Relational_1" id="2F9924C8-5595-8423-5DD5-D63AAC094206" mainViewID="EFD6E2FC-83A8-A317-94D6-A4EF6D618E70">
<createdBy>cadfrunze</createdBy>
<createdTime>2025-02-01 06:23:35 UTC</createdTime>
<ownerDesignName>ticketing</ownerDesignName>
<shouldBeOpen>false</shouldBeOpen>
<selectedRDBMSSite>32076570-2523-435C-2E92-BF29817DFF70</selectedRDBMSSite>
</relationalModel>